0,1,2
-3.777081428155371,7.984548072107242,9.99067210016481
-12.650029141058486,-7.8590330388350225,-6.362248550150858
-3.562774036851058,2.831179687026344,12.525058705034406
-5.2630268717088695,3.509204968559729,6.179540908800298
-8.42759367191469,-5.384142740296264,-2.9919574908842694
-1.936856861573278,3.692864072472664,5.4912421102703615
-0.3057078578280068,-0.6456900887615502,4.034710461339924
-3.0580244764263034,8.561463899789079,13.12943165102276
-6.636627104927701,-1.371985204027422,4.795773637531068
-11.715517955585002,-8.90259945940722,0.8282012950184559
-6.888984176371001,-7.42049640971086,-0.7316599760140559
-2.7329445918402095,-5.975400468982646,1.8164047770676222
-10.525062282928117,-5.628064169013552,2.3387452133421798
-4.982697412802176,4.353334915112734,4.941061303949699
-17.06830722696559,-6.652711026635814,0.2608342262237082
-2.0600259140467014,10.366185201670362,20.213731120303038
-14.692498807570974,-1.0968021671419659,8.567880048736999
0.8958090065974282,9.310297372951407,14.485378841486742
-0.3890768437561809,4.63851007388884,12.109565785036665
-11.763650799148166,-3.9304662027246184,5.790852408903023
-12.71057841988367,0.9313675766901968,8.950293952053265
-7.680345089956132,-3.087920882567008,3.0451877417410365
-2.934509491243893,8.761526593796965,13.697918615986845
-0.5955784467607599,2.018294120357175,6.57857287162928
-7.043823991722897,-8.714555007621875,-6.639383506930136
-3.4465635486793906,3.479125912917575,11.923571079656924
-5.257364002954078,6.996525821475226,7.198051101211892
0.1667910707758069,-1.2377427326550174,-0.20655839626413175
-6.051720626690295,3.9430162874115755,6.448209525971083
-0.6079219699561975,0.46963963513086604,4.217392980979866
0.6961208529555449,2.411886567941522,3.6878840309156597
-7.479109835294458,-5.920198608802243,-2.3661422219715638
-10.785115609857927,-5.820960908190281,-3.8298756369603195
-8.864223129759221,-0.2624505129138939,-0.06642060916882642
-9.589399111996679,-0.7345552533728235,0.26018818971425484
-11.42347832374697,-4.873251689471014,-1.019549409429846
-0.07292066919299733,-2.30476966449425,-1.9117734414966765
-4.153080115504728,2.7145304936126915,11.556844380032887
-12.283216575388446,-6.831944016048011,0.33907411888157757
-9.054152794358275,0.8792958847848391,10.801761365822824
-12.23816422562094,-3.8527349454185345,4.702268727020714
-14.673495082104411,-6.501904876607636,1.1891879604489262
-1.6678020931324398,8.411913851999056,15.423988675225386
-2.219269221670566,4.101252251255726,8.981306071919676
-0.8739334691274988,2.64540285337875,7.092878330526602
-3.244075162738887,1.18758400237465,9.95746085721511
-6.42674280333106,-2.6395941508208267,3.575744838283309
0.059328271921749165,5.780331097772387,11.372281271488415
-2.5899102265026994,-2.8980234234782554,4.4081972961522355
-14.272295208616201,-6.663676726441692,-3.17678805012021
-5.762280684516739,-0.9413593373951814,6.6609487994258805
-2.3458573925590067,9.246573992532507,18.258524675851305
-0.18255023813857307,2.364455445816504,9.379967774698333
-5.097883874915989,-3.1771210644264114,0.5390002528889548
-8.202643807194368,6.213285251458775,11.287632113776604
-12.501207510020528,-7.570949282841026,-1.2709603073481084
0.3582993384159172,11.693120777412098,20.61481041364189
1.907472365226651,-2.5487955642190565,7.403681855518225
-2.986247744488038,5.377071929647458,10.392001615844311
-9.75464513094666,0.7664754913570477,5.385574763883016
-3.878695706533227,0.8369671467017517,10.55875182981222
-11.065209414959476,4.729810027517524,8.875058778118852
-2.6102634955335584,6.32944746799368,10.303287820840762
-4.1440026735133415,4.074304626719866,4.278340705988266
-8.52916264922774,-3.2369609747943526,-1.2508287863223075
-0.5027530289155437,6.561362076106191,11.59730596736859
-1.2429232823400065,0.7941858198340537,9.772344120290677
-12.302187932775492,-7.134170003839121,-3.3830872227791233
-8.571690951808835,1.2988168671836826,6.250535636365139
-8.014369113235073,-8.744991280136475,-3.3054241830415467
-10.833756546631506,-5.819385010380989,-5.018937469040223
-4.561181228868051,-5.50581801474913,-3.3556038458249846
-3.7333667762350062,7.834181628858826,10.576533527514348
-14.898173379624879,-3.4032692579562855,3.3958661504306757
1.5837190731147572,9.579665028698823,16.57300007047974
-13.865102622077863,-3.623999709026151,1.3739093465733996
-6.509946863324999,-8.065909193728352,-6.2922368065290835
-3.161691002729099,1.3364032643826187,6.233836118173102
-3.7915272179908683,7.799875670118047,10.336016645464637
-12.881803911337464,-8.234395433498086,-5.02311190039568
-0.126746582472252,9.538475384856568,14.089028702928292
-7.499256273087972,-2.103006856621274,2.043618549742158
-1.6652343544625305,0.21662859505686605,8.142371280319077
-2.463224144826567,5.9975562690577195,8.410830751376473
-7.739428107732554,-4.600302345990473,3.547367742044507
-2.3816614112044787,1.8394756916596657,11.701302927179174
-4.600077070825616,-4.659581421473355,5.13476162123537
-2.5187146521340407,1.7938269198872785,9.378945627800366
-3.6732982984589766,4.368496072086457,4.671785472061939
-6.006194158068531,-3.983617852432789,5.298344140490401
-4.606042780034526,3.0645653835830293,6.956313970085844
-1.5285529264133522,3.727547141302346,10.865131538922006
-12.359653129558037,-3.212580353946934,4.0344208768818985
2.279126328640665,4.476560951552134,5.7692693902233145
-4.327552647872065,4.770254729953897,9.113090296073363
-9.03542656168631,1.8025100318401188,1.938162255642859
-2.022227837407529,3.624808096976108,9.7292391768062
0.7255183773260145,3.2831749123134997,10.572975436172296
-9.963758482278184,1.1196815075915856,7.996379165978394
-8.105787486076622,-0.47878798914164955,2.498596288050275
-10.664370930687118,-1.2283294768554551,7.010186623987995
-2.2097604979085914,7.7094904768486066,8.913693955998482
-0.49635591771966925,3.342093582811139,6.8252779661116545
-3.4395911686757765,5.937412659078929,9.512116623715876
-17.494395327785327,-5.547535171671878,-1.5601805651760485
-4.005294954008922,3.0939629203574186,12.034673007067045
-11.357027357786903,-6.176238575182281,-1.7940797676914864
3.772044836427849,0.4893091011699493,8.508577226908619
-5.954913764766314,2.098822593296222,9.916663917374045
-3.038712949062724,9.522940422109489,10.203275446854194
-4.789758726659578,5.963397983068199,9.827565962095592
-1.755011424044894,4.7439530960857486,6.17881388821561
-10.528522175329217,-10.741194526400015,-2.990275835681717
1.4754233230731728,6.2320339642977105,7.495979467144036
-3.154200596841754,3.4735349339346087,11.553157532021523
-16.53238779562966,-4.913116308747258,-2.0060840191625617
-12.105334127826813,-5.957164096771548,-0.5109856580740608
-0.8626326984056643,3.6250916922470218,10.30734473487312
-2.8669627796573685,-0.02420707471328143,1.1184594685435958
-14.343969324667817,-4.077479172996283,1.2972563774522152
-2.7068409956982147,5.123623985734497,11.427381849033477
-10.090116439837027,0.7833931674614689,4.430428442174988
0.5621094473403048,1.5453880634193577,5.368641880598496
-11.766001517406423,-2.632645034222533,3.6490915366818144
-9.097558726805088,-5.643767279083665,-2.908308119077912
-7.196823619026444,-9.244672694617076,-0.44438241716160753
-5.370120035572712,7.03400665179106,15.324317080975929
-5.202869424263989,3.026699555539418,10.331128850716038
-12.960574641765287,-1.9750921271561621,6.451926290706841
-3.3670058664844307,1.2210995849106174,9.9891313952916
-8.264875496337963,-3.1126610802162036,3.0975366444370254
-0.42876266975798627,6.986102784233898,8.691258189268725
0.5705097245930673,-0.12222818382896872,3.0653736515904493
-6.086986149280294,-3.537562110007608,1.8402747399396526
-3.027912571394576,1.4668191138577598,10.119379007364717
-5.2048016151159615,-2.2323885146013125,1.2659627179988404
-9.836365290371862,-5.332094046880309,2.9110990140708193
-11.550454081445906,-3.319043640388349,0.6629434459641406
0.9366629820255161,-2.498126221797687,-1.8319640848426673
-8.64891942791123,-0.5847393099770759,4.917098689962249
-8.350727128088426,-9.672047084424445,-0.43407577267168485
-9.65766773813323,-4.927575339486108,-3.347500304717941
-3.2766576460086307,6.338789832671967,12.246153158877469
-10.468517704601576,-0.6628041037947798,5.121512378662754
0.25019032229537297,8.634250036935185,11.746604309122231
0.3326787366335997,0.4725167228146816,9.005577540526465
-14.22762591756899,-3.8617726836898405,2.405676452826986
-7.5867503315700295,2.6396963407119287,8.485394164306204
-9.045431037620002,-3.432307729331957,5.709463852419491
2.6767760180901714,-3.456545038580834,-2.5239963330366932
-13.306621150426217,-1.674867768377922,2.746913509355574
-4.9442954431716455,4.914637168019166,13.36104685758198
6.03679843620182,3.0141451518985445,6.035277678620599
-0.8325676804983038,-0.8832595341305325,1.259517202572118
-3.5393822397396755,6.722848901165259,15.972881610686569
-9.041838417693095,-4.773479962550062,-3.4724101015033764
-12.107897679231064,-6.726877331008196,3.1743764174474665
-0.913162421785208,3.5165664117305733,7.597147393013658
-8.833949158952148,0.4551145760559834,1.1574479449161308
-1.532918665801741,6.154935509990628,6.2148755115133465
3.4218674339157236,4.997099206594036,11.624643576180725
-0.14346958141085686,5.951084382410693,7.13876379951348
-5.108728270371945,5.683357607676273,12.101478630222312
-12.329238469488796,-0.9700435402954839,6.669632505516979
-2.303521432626588,7.4702342471398655,16.30653296129453
-10.272738102555266,-4.160123605853548,-2.6818787681095033
-5.6666462610443435,6.164348228401681,7.104021182525516
-7.74658806917561,-4.201134264248232,0.215094843677738
-2.578171943833635,6.8904137966649,13.9300633849452
0.8985522792273395,4.512570160007433,8.651048013628635
-0.7937097589181037,4.581412017075413,13.4620232117601
-3.985971210060286,10.099022290261212,17.612569225750335
3.016856715911058,4.734697958119446,9.481719691775252
0.16008529529136495,2.1946209855633656,11.660238436348852
-16.450841969264975,-3.5444455312523875,3.589307871555679
-13.207763216040433,-2.1114938551237388,3.4698277078680326
1.8661750721756425,7.766186879511578,7.925950755111812
-9.562750522649782,2.1010170096578857,6.482496859343584
-9.09823689832723,-9.523272814035405,-8.54586094466987
-4.894007607623872,-3.510541239402783,1.538229598912702
-14.870789393150762,-6.482700537641723,-0.9646103828347696
-3.7210780063073177,1.8708729443470027,9.670898569684034
-0.8312516441786942,3.6654403961859554,8.214745793249802
-7.491325180943882,0.8844188392146304,8.371717538155634
-11.11677308059827,-7.95026442791249,-0.7595500924367151
0.3041805518115819,4.252924526020169,12.629854213255975
0.6789156922081152,1.1475871472104862,1.602808347481698
-2.077615322301283,2.220877400569057,11.01930004752524
-13.493366509743211,-5.229605621778087,2.6929932706055952
1.683589024390856,2.646918052378384,6.576595876736954
-0.4781967122005635,3.722067796741793,13.05844262802914
-3.8342882176971766,-5.728047298163384,1.0030654878958103
-2.007515462365708,3.8801129628579036,4.87246042611085
-8.969392270590557,-3.58741398054126,0.4530691333051329
-7.981626799707187,-1.264383606756594,7.846190263598659
-9.043661920804718,-0.203011868707061,0.9084456537137602
-4.191294369761929,0.886260149846879,7.957004921543085
-1.867545996019968,4.081313667322542,8.921846954079474
-9.29339866050038,0.4770922785153475,2.1706461968459143
-9.502080744065339,-1.0244596531194023,-0.2471186984897873
5.510877981052015,5.142758416410521,7.546530238397663
-10.501166793364744,-2.1909998930834234,2.913103179825795
-3.4809009561887283,-6.4303102201548015,-3.7948333495266695
0.9690396820025544,4.77625625956154,11.511811936682204
-3.671546764815611,5.53918122780592,13.742004596999681
-4.355520239780765,2.9505027382733466,6.948152663362434
-11.109143066754129,-7.1005086460941005,-1.5434971694677193
-7.277413371667608,-3.5076788995114265,0.49026746451172176
4.912539280960681,-1.2825928998301155,3.715897383471691
-2.028230582504464,1.5991815660659552,5.408473443979996
-11.312504350715596,-4.015608332158475,2.9505959286725414
0.6726977097980686,4.050176352533894,10.02913238344773
-11.86568223902004,-4.40532738977834,1.423697643051539
-6.765152557051319,-4.037484804130169,4.583224651667739
-13.10768010633851,-2.3176657744086695,1.6952610694725658
-0.9692756998553693,6.692523409779236,11.09432691769884
-13.465970303269598,-4.057002002226965,1.994395404208535
-7.623048500132384,6.990355415017512,10.12729512598863
-6.46650184299237,0.9668235555840115,10.851966567753994
-13.772060262257343,-3.322474043012262,0.49693101746798707
-6.179842509769619,-6.94904779173082,2.2308851909874505
-2.9330382776613018,2.2118969236521613,3.5358367220010978
-1.1907683551382697,3.835826793588577,12.982920210596866
-1.1013363546084591,3.8421393685502614,7.2115177887646595
-2.4220995087706245,8.606021696286119,12.319272304063695
3.066843819768623,8.026313562949866,17.136571418499138
-0.15000546564254136,8.286167516439946,11.474250898918566
-10.098901066655054,-4.206231348680081,-2.5680427405934143
-12.337526875629827,-6.223860268931777,-4.228519757069324
0.20368819656850556,7.274854981217251,16.17399355502026
0.8301232263448153,6.889864153719857,13.401962278041864
-9.356259321909207,1.4165792412559268,1.4473703457339198
-2.894477395513967,8.242074117368327,14.784698281568485
-1.5547291378572994,8.768242613669614,10.326310442558515
2.5226832215527706,2.6401510473376,5.618601443710702
-9.322144200754149,-2.3463367792537477,-1.3504783758413659
-5.331198857674254,6.081282524546074,9.428525640281384
0.4205387710326338,2.132287883174465,8.850198464767871
-5.932560931491524,8.289036808620684,14.393690057793261
-3.7284897525046308,-2.5213385682925855,3.712315426977348
-11.177138979332147,-0.8440975156057977,0.4111518524595721
-2.3733857132050673,7.872353527107837,17.285568099926785
-8.218341804525071,-7.061914246538907,2.862012042385474
-13.101101447252947,-4.97142785910702,4.345960294149132
-12.093424489802665,-10.94047191464422,-9.887741577786743
-10.703649612917447,-0.788743190848737,3.579422059369766
1.7417484210577925,1.106816066901069,3.0309469520609795
-0.7050973069124515,4.348794966550249,9.580589458837903
-5.805892728123206,-4.838754525316738,4.8268746821257364
3.123833989518144,1.7201652969934034,3.7026456450606595
-1.1794486976050282,7.034996632191836,14.351357257332541
-13.540901196866493,-1.7391874912852954,4.445677198822351
2.611283382098442,7.118487390853742,15.820214470436932
-10.485204106723197,-5.412762603567859,0.45713472310716696
-10.577049290554747,-7.562018583277187,-7.228408434495548
-0.731606499334535,13.158416157462485,16.00959204464506
-11.587895366747114,-3.059774763343147,2.388687018330489
-0.4269410919513066,4.980581614259922,10.502951530736988
-9.733604215278461,-6.178629241870823,-4.8557805552159365
-16.087547711208966,-2.1295087890957998,3.8397363993810067
-10.302839844936546,-9.351245936017364,-4.50011608270819
-11.59620838701476,-4.86851052920734,-3.3948639712866653
-0.9620762284123059,6.454144089436617,7.664563340892321
-14.94217125947591,-8.043178218498614,-2.300881039007411
1.5214226215219027,-0.7270131100303168,-0.08603311017594706
1.7982374990832914,3.733782552472666,8.271608786618666
-3.0057740039633876,2.3891457524833726,3.776987526015063
-4.461303872828024,2.8074288905923637,11.550683837575946
-5.487028831322212,-8.054851722479722,-1.5232085310418686
-0.407653891023932,6.76080182188993,16.28930487037451
-0.19400546633602844,4.179774729779995,5.521023113546381
-0.7375667048073451,4.610585972848399,11.69518645398734
-0.44908498057611945,6.187225438554362,7.6432075850691374
-0.03162402224957139,-1.4680173879538714,6.183827207965754
0.3806496136857942,3.4470850721471478,13.019018157012528
-10.029291029916147,-5.118071268330825,1.7650217154914696
-9.79553374419642,-2.4978158863755655,6.7872666491603795
3.751207038510973,3.0489149489910847,10.542352660238205
-3.5355859103464833,2.6249606670796326,6.679753330011474
-12.8889756853847,0.3862373798024272,5.4735297468748465
-5.572162068726629,-3.619203616768853,-0.6994100554917999
-16.5449887021806,-3.6537642032925635,-3.1294559637118238
-8.325114579521138,-5.281314776373664,2.426933072888592
-0.5578644642969253,8.105187445971872,17.80753377904132
-1.0998757329836666,5.6366448104679305,7.525102147672916
-7.160053379180789,-6.629077513019331,-3.8163008345736698
-0.7126550642237038,-1.6601137786288476,0.5928660316595993
-8.097185891317322,-9.03025619391436,-8.523406285311992
0.7669731748485269,9.775753918461975,18.253438981578228
-4.453012399749397,-1.1870174429415208,-1.0373914290370294
-8.39761013437223,-4.498464133822049,0.5697604780642207
-4.150075591893861,1.7647570693106487,8.607630188466462
-4.777106872053229,6.605559564000396,10.151118377415955
-11.799064128320516,-6.6911088487518455,-5.594840452469922
-4.8784527420834545,5.891965702444111,12.236078668967886
-6.71779260460111,-6.192021373603072,-5.3355714560245415
-9.22955534526154,-6.099044969677572,2.8903561285834956
-11.118141869818839,-7.916668268330812,-1.1319830297802715
-2.20874586683444,3.7434031634781544,9.571673527292361
-8.260450856402993,-1.4197932286325576,5.473777858022621
-2.349902096302321,2.933446570745831,9.426562750666253
-1.6274226260653244,6.038862119605821,10.757897417827524
-3.0923024699186823,4.484489851400136,12.128713833524191
-10.790129332318207,-6.235335043866884,-4.558479128737596
-6.094106828294356,-3.9656577400090067,-2.974477625764677
-10.5932134618552,-4.195169530341934,-3.2353010101545303
-2.1192683912497947,-2.891035669098178,5.736784632740797
-4.730957854927116,6.10978408781012,14.531574330801295
-6.275939643182449,3.0628043146948056,5.013929657193996
-7.355996083906404,1.055157791525824,2.3951112957848055
-7.278928263397289,0.4465256734549383,7.745987891557396
-2.3265443337795975,3.8042156620531693,4.252808441384849
-8.572180325345617,-3.192024124830197,-1.3491698950393711
-0.46376474146420765,3.8304787789500283,7.707392870744856
-15.994004336173106,-3.314271368178636,-2.473847437232377
4.456771512787162,3.2176099933152322,8.210015080741961
-11.607828758274914,-5.853472549976169,1.0467796346835776
2.5630600947751665,4.793794607975338,5.8059491289763105
-1.837663613594017,8.753458081317868,12.670414798550366
-14.299804690509355,-2.072629629452316,3.8190282868070797
-7.96886797174548,-1.2170879729101278,2.172793086456273
-3.7607554207122833,3.7963065219494863,5.56298582503442
-0.3047120542827948,7.719012847752802,9.723853877786448
-14.178383404570088,-6.576970109431685,-6.115231346941815
-11.49299620690954,-4.867579364797588,1.940155341033397
0.04781388152581645,4.998437844086533,13.817506228556047
-7.2071178870319415,-2.736011587477556,3.9866739695745466
0.5944517995329344,4.827676178185212,7.773836828631357
-14.009917274048224,-1.1774707368739254,7.8590744902261545
-13.421637469223082,-4.900158175568389,4.042628074852267
-5.719886421160449,0.42166646289427323,2.206833583437121
-3.1714817533754722,4.460357543795641,13.045173475809726
1.0452122558298669,5.913972885548766,13.78061913765008
-7.998981105794811,-6.318339352930669,-0.3398589029591079
3.2362476400165647,3.2011233673475004,6.428017957750248
-18.3720446174186,2.0633361803007384,3.80819851215972
-0.778843644203749,3.3222782872377428,10.76900811064776
-2.222438953282198,3.9596661814097356,10.248620859270474
-9.248335081806406,-7.425899060536887,0.13552224092791043
-15.977122140849927,-4.126393821076218,4.415058349239058
-14.374658380614035,-1.09570509206872,3.2995560967138142
-0.7301096301260545,7.560452172389415,15.078319032218925
-9.803560387090444,-2.2823517268457083,2.2356876278054703
-8.525428359148323,-2.4724008359326706,4.724389195441702
-11.69803945306106,-5.993179949692564,-5.862275583081561
-4.619873288755581,-5.870638047953584,-4.797319935780015
4.054416219074424,7.739659964524675,14.312224448351918
1.3740612853762055,-0.02319811271737926,6.612260808563277
-1.3583847387498769,5.370467369230925,13.00638267483145
-10.133860173742429,-11.312108135764817,-1.5836613540620466
-3.3283638117973213,-3.395435558496123,0.23781728421731518
-4.930574903312964,9.50705430877974,19.192401301955368
0.9002837599183473,3.1674019397100652,12.925320113003576
-11.84163527840383,-3.5923212633397146,-1.38085221790105
-5.976896772665185,-8.862770580198989,-7.965835756869386
-4.626453277223132,1.5568982903801842,3.497377908775748
-10.11315989050744,-5.40152913445985,-0.8314088428033326
-1.2095110697651084,5.797092834038158,10.88451435265425
-7.666086118319438,-6.320770967811407,-5.75456279562397
-5.011490951854353,5.109736962294438,8.632772202334813
-9.166333001969644,-3.5025076261428185,-1.2316156214311689
-6.052890141099023,-4.008121152885345,5.957920088826119
-3.3464761990057887,10.271124093870265,19.68071710438508
-6.356774357916236,7.4479572697582785,9.548789616514172
-5.402762268665981,8.793293817169584,17.634259859446598
-11.41633918074176,-8.17454087885577,-6.201908495826553
-9.962445982073449,-0.3290501639415586,2.010536648201712
-6.3970287621319155,1.920605932273944,4.763381768360173
-8.697631447339633,-4.643216615300868,1.8489086957682979
-7.130082561559661,-3.169142440742546,-1.837080626563122
0.025354383621696508,8.950741016289914,14.492563881308467
-12.327523337278679,-4.6101128388557315,4.839920874009933
-4.59287891054742,4.922361265345934,13.42286419652391
-4.428793777201507,4.0159042442381345,6.446269143614336
-13.102827014465365,-8.269584366634632,-0.2724929008051111
-7.710193093727071,-3.513858448262238,-2.0462531075944863
0.9130827548226641,4.820144472572644,5.813519000177159
-10.143105511781712,-7.677531327149323,-4.576086859947934
-10.482224847300007,-9.504845945706254,-7.894311804185821
-6.61172370342082,1.7348231163540162,7.611543754109158
-12.420879603738292,-0.25307381946541607,7.697215247691146
-6.385731766404221,-3.1709483506057667,5.611248902317844
-4.5433507030400495,0.03151648766369952,6.250273073200164
-4.0582023780237995,3.5317060823406634,5.321622053936217
-17.744416896610087,-2.3831776930547317,1.737358416020653
-11.269561757373479,-1.563756151403934,1.7323893466479219
-13.266317518957532,-2.335933881151523,1.0457688148646413
-2.8509369545169454,7.0647596294641355,8.880923899669757
-8.252494636744446,-5.683169207225837,2.195660631019609
0.1380798004292556,-0.004221398220778383,9.274213209689213
-13.374070742403697,-4.981061374300341,-1.5120701672974395
-3.5881806907074156,6.911664964926606,16.809483316881007
1.1169437381586373,3.035526296062549,11.8502938080135
-7.771163582990905,-1.4212776755862055,1.2129795445596603
-1.1373965074633339,4.940326542727994,6.913328968475247
-4.704857327215426,-8.115782350848008,-2.8133182748399026
-0.5979486252999984,3.8456248192449127,13.467118128835688
-2.020953621314042,0.7071276625038818,3.821497880116967
-7.244471168031086,-5.884251048069281,-0.4218888820555362
-13.504596538050802,-9.651737846227556,-1.170547194178738
-3.5195624377929073,6.500585971059818,11.6432305990475
-12.472426062148218,-3.5171846210121562,5.792616708627724
0.11055848653397105,2.3683385198514584,6.206695008835849
-12.649026459373129,-3.056843490157896,2.8462578001472276
-4.50487887530991,3.1360549771665536,13.043091908100257
-2.414582528842793,5.554635390016253,15.105906868553658
-1.7130125531103364,2.6060734711363227,4.657292574573168
-8.379951035471716,-7.5667808570879,-1.578876465770036
0.15965192696299124,11.287642705914696,14.47474167897853
-11.27292543091986,1.0218494720605742,2.7139749878828257
-11.803924370718875,-4.714209716145138,-0.6128062424109464
-10.892428451841482,-2.771128192142309,-2.36623100139417
-1.4178787941422553,7.158749168049883,17.15104169566222
-10.208903745377134,-5.775740853161491,2.3066372302092155
-14.315295580785317,-6.6341789713814,2.8017383147905237
-7.943254133127226,-0.4209853656922875,2.737934920256714
-13.24959291430704,-10.434156786511107,-7.851464785884014
-1.0646607455682102,4.763515806265538,13.724413612944401
-7.039124718833215,0.3449207325032244,1.7440697613493128
0.8484542523542871,9.036567201256613,18.20504285199534
1.2325079907037355,5.729357870884492,7.88508227510268
-0.13560689610238175,3.4343928817831415,6.373546254395829
-4.399890134912839,2.534774410837175,9.845150321668523
-12.736142793905383,-0.5479243900035877,1.11806613832533
-1.7119247614570534,6.600697420218358,9.01661974390479
-8.785508188209946,-2.416046106946167,4.550416256412149
-4.775687311546546,-2.313641239382071,0.8522231950149841
1.7811412232499295,4.257382131367134,4.683179662079816
-6.3853299248766735,-9.78264678427197,-2.7751483136289856
-11.742581054448337,-7.422475324245673,-4.022601858205592
2.4993828867904373,6.0508786229077405,8.582267548887119
0.7885711470236632,2.5692689494566903,8.720708151271332
-11.24593913613365,-2.0583772443905817,6.978119219132325
-9.895926108478893,-3.1585886772326006,-0.1590758224681772
2.3085220493774,4.989014917724493,11.681401011641213
-10.310414279885604,1.6410974813757653,3.9867942618460863
1.5776112589036693,2.345994991507994,4.5075111516491475
-11.761406811157288,-3.3362814252097683,-3.127675157541235
-13.787855326852444,-7.926096198904159,-2.2638702305021967
-2.725800377424944,4.703316606940651,6.241615183144646
1.4569138996297228,10.967428809765934,19.23252270115345
-2.473246051309304,9.995229138163577,15.7340063263076
2.2996178299672563,7.14834231348051,10.055075241407538
-16.07633175115468,-3.9501842375377243,4.432959163072203
1.6662903680205057,2.2977286601126554,11.04071133327958
-7.051731530495623,-2.637662553096083,4.840154985374067
-3.3509261096954277,4.675549090810932,12.376473386640967
-3.406137220327518,5.386928806200327,9.210380638952387
-9.229474191297207,-4.573632549538314,-0.05026787246242126
-11.155676784239336,-9.18646567102488,-8.3153581472455
3.844592974000541,6.099638435326103,11.070639733039414
-9.726571764317892,-3.127423708724603,6.833199196257796
2.2672370968959834,6.6057075504705,12.468244906198386
-10.451269969294874,-0.9182607100625324,2.944969411710279
-6.5184969874104866,10.421911445482936,11.703123793385945
-8.976647616893029,-5.347431953837026,0.3621078352365297
-1.5509675176672135,10.496482331164545,20.16944004695071
0.6168570743452735,7.0612163122378115,15.894679244836919
-9.55811628535788,-3.1977694376026946,3.054645774264184
-8.932194470241887,-2.37726792333609,0.5593258761076774
-10.340367284047229,-4.522650046694355,-2.6236455487989856
-5.702854729709511,8.818709438917269,17.513075801380666
-2.4151164976987696,0.42702092551279813,5.617873414736573
-1.1655647084008995,6.741012406141861,8.789660463159855
-2.637743823228928,4.313755616030754,12.079600560233514
-7.071390781896226,5.215586409272473,9.302613834541305
-8.262480893454695,-6.641739856102657,-6.2866316895936105
-3.926548201254415,9.960803552563691,10.39102022063003
-9.747412919363523,-2.1521650590176313,-0.20044649974841366
-13.271284173915692,-6.162479952195164,-1.8927701630908897
-9.31423175907126,-1.1817921633467101,-0.6083377910201295
-11.136779370003842,-5.066443101047627,-0.14053094773008024
-3.436943761408328,-2.5082339444672526,1.7296846199577445
-1.5939713960688622,3.0004684200094873,11.642133722104074
0.7346314799483098,4.100693751052361,10.36317022417507
-13.651250655930633,-3.7802722696301223,0.21316427612280187
-3.3717276137097745,-4.926343994213708,3.1548201871661252
-9.178881863976702,-1.9360018969073165,4.377450977882055
-9.257152690396087,-2.9291814061370816,5.754388607335217
0.3235009568475591,9.782964495769862,15.071253371441244
-0.8053155734013457,5.1938922052329675,12.983884295403264
-4.6506192925375665,4.086107908505486,8.472844069644847
-9.048904659481924,-5.80867221460475,4.090414418110523
-0.6602162545340227,-1.691129497621601,-1.5583072065189154
-10.398794120371136,-1.5989809741822496,1.2938826877708358
-11.526718725494343,-2.6820282567796903,6.0667163634174575
-10.406830032922597,-8.061189763003178,-2.192185396196755
-3.516345323075271,2.0436274943281205,11.060005234875735
1.2952951092091132,7.620247152380834,11.07365561912429
-2.6390584001830724,0.37846250071085397,3.248320293121571
-2.7969187383510357,9.800247968007497,14.108012217881026
-0.14439864907222688,3.6054773308174175,9.24945987045221
-8.583675446833418,5.387695091551263,10.265888965751905
-11.443041625850277,-5.060684295232676,-2.3290602041188135
-14.197781164343413,-7.856546783635659,1.631645101010971
-10.907765847984304,-8.255989698330527,-0.1266599915959148
-11.387726407162095,-3.0624764440912755,5.4395938950474925
-0.12077044469449305,3.5122113635350143,7.5493598254274135
-4.806763141454368,5.3564665543131245,9.450554388868143
-7.12350694885492,1.1666369770832201,7.569482570404624
-14.148748308356856,-6.554214202659646,2.337034028744605
-3.961489384943724,6.430201989711173,14.496094994035168
-14.652685421228554,0.3161830116140969,9.26045482009997
-0.7026444287871383,5.201092746200474,5.471087664425418
-11.04705748974699,-3.1477670421080806,-2.5683594292907355
-13.215288409625977,-3.0832244542966913,-0.6543172776869066
-6.877254285888369,-4.22864112743739,4.009799135974561
-1.2990830485036322,6.25809919796542,11.264046901178567
-3.6714672136572224,0.8873361059136551,3.322537550680189
-8.400847964488543,-4.906116530853582,1.7604254444419727
3.319846625381092,6.6326223505751685,12.07583541813899
-7.817672605546655,-5.069228369879469,-3.9452286150536007
-11.724419153622065,0.778525658232871,10.4377639143231
5.031262537456517,2.7602073813860057,11.304321225287033
-2.4968530705783905,9.275037126705165,9.881221287615288
-2.458215423959386,4.504333508923237,9.684491723137924
-9.113493959067272,-4.459335407595077,-0.021497857797109
-2.704973326306413,6.019605131165823,14.878908727136022
-9.289742560556508,-0.7049093326498621,3.9370300060728667
0.2058506069681978,2.6070762756306194,12.294137028631724
-4.298749310785194,10.866190276632018,19.995137518536854
-7.705588243508769,1.1084171221024013,2.825503399304087
-4.232050380167836,1.6039443393993142,3.8398728439414005
-11.861334520026325,-4.902066530259866,-3.1751633132915194
-8.050791685592952,-5.710879789484049,-0.07446577549138045
-5.513404956067191,-4.245206083268027,-0.5035367825466603
-16.00953780712839,-4.342693678128616,-1.0554544264085992
-7.620390197961957,-7.7546704488698115,-2.329052237604891
-9.831820443155925,-2.735897196623868,0.9056930062342303
-7.992022315616664,-4.8160754268761545,-0.91846722827656
4.844251304201949,6.650379856856658,8.652649924797
-3.836351263351802,1.8031838359723906,7.33034532751693
0.857390335674995,7.199796112753834,14.214217703513697
-6.270646506767205,5.918208526412269,12.727726527830118
0.2572280523109063,3.0095106715416624,8.726569346173932
1.145883432824705,9.844073314195782,10.062125341448208
-8.614664612423546,-0.003829339236956386,3.7217039070267797
-7.770687782386638,-7.347162172237019,-1.9621834246754846
2.259058289457826,2.592680961350034,5.987455064420761
-4.021098296620725,-3.5306866380296897,5.387095657629774
-11.843030534815428,-8.781360650525347,-7.079384310270734
-5.051930272499848,-2.654977948459589,3.8579338819912747
-8.54991864908063,-7.269645607046391,-5.170338629226258
3.62118777339876,4.224532393518732,4.9332838093253475
-0.07570824295090173,-0.27686980313289933,3.4356816049274066
-4.951022986714606,6.922394110528294,9.521089737845566
-11.374037430279264,-1.784880497162448,0.3910422985555413
-6.7806268919584,-2.8762989157404792,0.4176318940113335
-12.547613107841531,-3.998319833348994,0.07636199731898907
-9.813110588064223,0.8277081312018533,9.42669362155273
1.6365055971928402,7.866127732967328,12.900780649250095
-2.1924564938991726,-0.12487925641954511,8.959882950140074
-12.004399002530063,-1.4864573364065143,0.8597000537298598
-8.581304755949603,-5.863553619935075,-0.36554134160581064
-0.7349475044393221,7.752957991127586,15.560157393020166
-1.0345011415857643,2.2214396125010447,11.564669796949698
-9.41284565928336,-7.39587872038584,1.7062991682034774
-13.128543081410992,3.1786980802878437,4.562107019432147
-1.608065726826254,3.11906303413788,12.02790541727525
0.9979174909492019,4.9760748169924485,10.360895521238334
0.17713766343563941,6.641143478165118,14.967188557894163
-8.831720242826147,-3.7031795414051674,1.5960160943792845
-9.215230672085289,-3.1748854276639404,2.1331859927396657
-14.299399687902099,-7.3709194895900865,-2.0991385233765474
-2.694521536413458,3.713970639436753,10.986444718500653
-13.424301406387793,-1.897099204306461,-0.6634637451053842
-10.48708752229165,-2.209793714431042,0.5715263804759938
-11.290021721829907,-1.1204943597653378,4.489440575310292
-11.125969841411766,-3.75938146725419,1.9656172872786128
-8.334339887029767,-2.355071835834701,0.37212908534825617
-3.8355293162946666,10.359723615498526,16.782226124564055
-5.140889487556831,8.975780010627116,13.26385300611862
-5.349734312949405,6.0581023567718075,13.836803325888567
-15.57930471530611,-7.830178411469424,-4.380604182293277
-1.2574153162846502,8.012654455442279,8.810044682107595
-12.175652669710466,-1.015073589483361,3.3402457885548547
-3.461072921821365,2.460582566038431,3.4281594457903335
2.479714668870132,6.213842572561991,11.80299331457774
-14.199495843659054,0.6954780122705833,8.217607446554148
-10.896273505186242,-1.3640437180718603,6.91358553460733
-11.174219429595748,0.19114969939118343,8.680834927001897
5.9254172144706745,3.6605855356967814,4.263104951171581
-13.643388758046493,-5.607317980697252,3.8522200579512953
-2.0891471409702325,7.505441205692415,13.15767723839239
-4.515746208067297,2.852053211646897,11.709039231533406
-10.432091847082896,-4.470023513874635,-3.095964524490605
2.5043615226983764,5.085089139372632,14.41359814604202
-11.8819195416295,-4.729434855656274,2.7161822232984587
-0.7059862686417515,3.1264880167278033,10.195966607618871
-11.450618853652642,-1.2231246305562995,5.228874510485323
-9.370675663442993,-9.246572789255357,-0.8160304800024303
-16.10541980867407,-5.936073975543424,-3.763969075669827
0.286371026323482,4.7285197503139305,12.196360691152103
-6.682147328805316,6.881579342160119,10.511633619180873
-13.21470883423061,-8.474575319487654,-4.8857939446379195
-15.50540962752568,-2.9362731585314954,-2.7698013203272946
1.3061743472772775,3.6780106044206113,12.080663824846887
-6.136331704043752,-8.532631645483894,-1.1873428555601215
-0.3090933676469827,9.702495170400375,11.566132456475236
-2.4241187476801866,3.983757611672687,4.850577454945286
-2.1983967899025934,5.911665196878658,6.86746227305815
-8.682988324600503,-5.216639202560646,-2.696007790649089
-5.105823127235992,-3.4349002950522283,-0.051815644187537924
-5.579162124480575,4.635631309321938,4.985470479379002
-4.337499926487172,3.9228949102194495,9.305305895204311
-12.108557431222575,-6.332784492647161,-2.3523634132409783
-2.219296886482918,4.2360164261856195,5.2565854296586885
-0.17653495300138333,-0.07609142698089144,6.387786777171672
-0.759048946081037,3.3497403293626054,6.452470582711824
-9.983409008324164,-2.2905909276369214,1.6310898654923838
-8.159737043536603,-7.441212850521275,-6.150127986887673
-2.202320812182971,2.59472798546339,6.34969383684581
-11.988047425721113,-5.839746826773389,1.5423337233031198
-2.504768713145358,10.575556438438042,12.732342568385366
-12.240291309391903,-5.7133898664555725,0.767739934573167
-2.904100609813226,5.76232798080683,12.184624551966632
-9.17279479533159,-1.7679547276527283,0.6795683516943245
-5.209102065726058,-4.988270908576007,-4.596183322745058
-8.387417967941197,-0.12369922082091289,4.0700357863519985
-5.215300364752776,-3.0599514319802954,5.867985687507353
-0.592408121220469,6.955250404127627,16.255284781395346
-2.8444970882494705,-4.176840793482766,-0.3604315024013931
-11.060039154332172,-3.4956040769987187,-2.4570328522357103
-12.757034415226526,1.130031512030608,6.1024562997764535
-11.074774325311619,-11.408034773028103,-4.411015838110179
-9.754462886259324,6.344641748023473,8.684523829570017
-8.41293700510724,-5.056544471835157,-4.726436814838554
-3.9010347872010325,9.4838536719264,18.54736175178487
-14.495201088988182,-2.6547918652283258,4.054210835668622
-3.186476739417104,3.9070320041852833,10.523394720786989
-3.132935319320974,4.809609216962425,6.754507580708074
-7.71791619606435,-8.353817996823619,-2.5753812383338914
-10.31809341306126,-6.1289600843545,-2.7962146913280668
-10.673972750727335,-4.844610811034866,-3.0329143351492283
-9.91006512985358,-6.970416509158958,-2.095975963856345
-3.296882409896223,3.809976280176471,12.952679638131686
-11.688578678206234,-4.5665029904601235,-2.868813413015367
-2.0674918842502876,2.0146805123637725,3.8983039174689473
-2.176844528599827,1.7729146150790465,7.66547919353445
0.5170916482876802,3.4338772103875286,5.608158613403528
-10.925818838849034,-7.654368004807605,-7.126824853789729
-2.4646738183102492,4.011462989982107,4.49143366736701
-4.901691983285039,6.582911882287768,15.292098064034839
-11.256866113391617,-7.631558431082354,-0.1231393585907874
-4.106201959562759,2.2167100319802433,4.03761533587165
-2.7759556535768866,7.153346525322862,14.289060723164674
-7.918731602318099,5.4918947905563025,6.060320424039334
-13.724614038653673,-2.401531614453414,2.2924008990246714
-1.2940960929742087,7.794941592578921,13.164746002617402
-9.66312286803366,-7.766851716631411,-7.203950609640501
-7.032180576995681,-0.8290296442317762,0.13461507335743095
1.7046932187584725,5.633191482653645,8.144277543634018
3.4917062932204495,1.9936588906735198,2.3944362071407586
-5.939226167510116,9.710369713776242,13.518101027988537
-2.3413174340295537,2.2240615396837584,5.292319972957214
2.952579517244473,9.133840206429653,9.525702653526428
-0.2826829133959716,-7.116473655095365,0.9768979750253779
-2.0639392938356904,7.554144741100865,12.323927732260852
-1.340891733842866,-0.1705510798449117,1.6380017870286223
-2.3398404824572716,-0.28703369259042777,0.8122539608338968
-1.0938999601080317,4.546983942835485,11.535445208277352
-1.5097924417449502,5.0649223501694705,12.817609643004763
-8.253997688490374,-7.5253022480458345,-0.1392761923829271
-12.513744726976707,-7.580649923287762,-0.8372555117486602
-11.605099489695089,-6.526149507971919,0.16904560292480308
-3.5531777733473486,-2.848690080262168,5.350083722509682
-14.610317027299537,-1.6228906943708261,0.7324980432093793
-15.456059030266506,-3.193406830194826,1.6788532591958871
-9.942760709038884,-4.323535077360104,0.5650114667701898
-2.4365084661501166,4.974369461519134,8.62376048787336
-1.2628165691891657,2.7167800564907916,9.649579990555655
-12.99504104229689,-0.8153031848141277,3.217696015961873
-6.823326300703883,-4.0165267056147105,1.5357349367708926
-1.4428042084808657,7.435851873685837,14.832644927966534
-4.07809454180889,4.55367494596247,11.051186727285703
-12.147644581558177,-6.079313530048188,0.01998173265335712
-13.962252638707598,-2.153642422037889,0.46449969792632606
-3.640889478228981,1.955956591262591,5.196653655386472
-1.6947625490781926,2.2749878448422964,11.795955818693473
-2.8621944813152993,6.878506724194384,10.898627236429398
-0.17004479087368285,4.6344217401113275,10.526383420334273
-2.562352054546718,5.160418765101994,10.390027067616433
-12.105573335946557,-9.088643142544562,-8.54941789062885
-9.410474746488687,-4.428765797343237,2.871886040483071
-5.568470525119014,-10.263826892768686,-5.351126258860548
-11.33269751180085,-7.6021616151096225,-4.774057446871733
-0.3242697749148036,4.700826607509136,14.4668237990957
-11.412071982762958,-2.089044619137872,2.6225411869172683
2.000063231143345,1.0051137626624276,5.385904418612197
-13.766547140055911,-0.24343224740036273,1.4911864411012363
-2.508150560853053,3.607509215887001,11.11898670305729
-2.691262033579697,1.405982299225614,5.9645318401381475
-17.617578713570126,-6.623233078326315,-2.1900872220070777
-10.668437166018762,-7.167488188523307,-4.564183872030994
-6.526847849859026,-2.331749063629369,5.2915356798155315
-8.512299769002514,-6.042364098769159,-5.193286620189085
4.753924296369927,2.0498878780824548,6.493446370918572
-10.582775133570356,-9.876091835277059,-7.815301374781067
-2.2350665630333646,1.7436029765886527,4.0685326088914
2.015907641871173,1.2458516477422164,1.923906682467069
0.6640436646384194,0.6949957660490247,3.267176236292184
-12.472195285522057,-2.3787957116129905,4.10954331336047
-5.626888819975268,6.215078875705194,11.049703985336414
-13.772762255502052,-5.854724708453263,-4.8364037348820705
-0.7228438389095199,3.8265249474211496,8.52804994361075
-0.5695161502257244,1.4673292945082226,7.939671421271855
-1.4658967944352064,3.3215838762371144,13.180282829309107
-11.424662735424812,-5.660842214599827,-1.2881770434617161
-2.731122482757568,2.8423607126190475,11.510088163989069
-5.545333561791781,4.629451529891057,13.953286100399714
-7.494700781784637,1.6602167641480432,4.355578501271969
-2.6174024821934765,3.840490852127806,10.663669096169064
-7.8041612821708455,5.858140816867132,12.015842419862981
-8.891715424665447,-3.6394515773418448,4.317842660747195
-5.477236171686503,5.347133030233458,12.311757857084231
-7.947643739915294,-2.127608396980116,-2.100759086208694
-1.9862553064626476,7.219154397446401,14.695270265689743
-14.080651825366768,-4.994378394697961,-4.038181576451855
-0.8027979301857432,7.061913361655346,10.73521248436726
-0.8300619914819686,2.2066750571572227,7.880309338108851
-9.440686442376446,-2.0422725909786297,4.521758209306986
-13.430779723647731,-2.4993843943411758,-0.18311799711315624
-11.362496031519619,2.006269045818236,2.954594182572929
-6.983347870623021,3.469800884709725,12.95639893819689
-4.440175723574392,3.859228649753869,10.633373225895324
-7.851712156338781,-2.635966427706799,6.387149855133535
-1.3732846443747464,7.170840074821696,9.183030262536846
-8.044668986728173,-2.387814038021216,6.666426281327403
1.8242971740769027,7.61638648569356,13.027503028577106
-5.497838374889086,0.3858623411326594,2.151897269525784
-13.921626534644162,0.4638403728225011,9.48919791927835
-2.9281307901208455,4.665883088416024,7.482450959482347
-2.068894137636619,4.049327305518732,5.946786970535725
-10.010541267665394,-1.858309669520028,0.6041177994843707
-1.9909009852004684,2.5544036777060786,9.323779468473028
-2.9741607079645256,4.963096731742827,8.453513736268171
-6.043770720114838,2.857446142905095,10.301610431957103
-6.322871460669246,-0.6271347703654211,0.8133617043819426
-1.7334107735758546,2.081005011335683,11.174886860631574
-16.5948864765595,-1.1628775551881052,7.652697925171635
-4.961417437587283,7.840660998362004,17.278612276558235
-9.714466281914492,-8.323419429447402,-0.9006740286290729
-12.376303707752022,-1.061537776236448,-0.7838666606004012
-7.997942746567336,-8.560605173738878,-3.299696511735709
-5.950029468864971,-7.778690141373694,-1.1987425184145026
-0.5925704833893803,-2.632409220011527,5.668500728996675
-0.8220935450445281,9.32815081450897,17.117685481900516
-6.510340342782107,-5.346230854397232,-2.3582759436297405
-4.99986821486749,4.204259794002598,10.401214487130403
-5.925013069764208,-4.223856498631502,0.053405910823273395
1.4407925038441922,3.9676700450091,7.8000581174438945
-1.4773093185499993,5.0398641338663115,12.460449439319381
0.6805215000673686,2.5181650566818217,8.0296157643913
-13.331831300576564,2.9515549609793554,8.098860447886203
-14.632293133475432,-2.517113153862366,-1.7826509862782582
-1.1143368164599288,4.863612490799875,7.374143143964204
0.7732951124621477,7.539816152964938,9.881469340666161
1.3960975183551265,8.098164468707335,15.272343233393588
-7.257935945871016,-1.1258091183213867,-0.4998831062666873
1.7353282564057615,8.965940318109759,12.304327162212346
0.1473979349383674,5.66733647978434,6.694964573117977
-5.778911866688786,5.351968044970037,9.750746419361956
-10.353337753980638,-1.3685598353380466,0.16790947445917714
-11.652753235086136,-4.903243475119584,-4.441893179931148
1.0515683937053488,2.7139980772070134,5.969200929075603
-11.686199636959854,-7.707846757983392,-4.202000645170812
-11.87708214264325,-7.908916081576847,-6.821424733096743
-10.570800017851925,-6.311712358083708,3.142396960313003
-1.5573623182869643,4.43156735711561,4.817636752918391
-8.450052346785352,-6.235162818102873,2.5902497602944408
0.016849058606814626,-0.1081839824953752,9.498628536799789
-4.179526649785261,-2.488127772770394,1.2414167145653603
0.3833768759936347,9.694316573093104,11.139965342776636
-13.277624229960102,-3.2799963432818937,6.719696902040631
-2.244731928576223,6.822670141539707,6.9280031113023846
-4.652422431462678,0.9873896047448105,7.915096894828167
-8.579641552472722,-2.140007305824931,7.432281529757017
-3.210843279709203,1.4154093858923726,10.631611417163157
-9.645982957317106,-5.364168380060942,-5.020858539238203
-14.695037038394629,-4.576988060770927,-2.341056147070775
-1.1009248105397087,6.981347871489785,16.17805990229734
-0.28021480531796805,3.787497132708522,12.107646809582695
2.8540056940454956,2.671208951248225,5.31133568369234
-3.5990329863005015,0.05951522327702641,7.0277890972443675
1.8364464174691024,4.996425753743876,5.577130600038188
-9.270480246374504,-3.011463318497091,5.925346640108177
-6.554892479832787,-5.497553313568169,-0.45250881508512997
-2.646714553971762,8.447806262854655,14.993787873562114
-0.4762758159121818,6.583057543603838,15.513145459504207
-6.830106697103951,-7.30830805800186,-3.302135073819719
-11.39327154503578,1.423620420695345,6.9407376594371755
-1.5617134564784902,0.5735808635994575,10.416253055800773
2.4800797972643203,3.935962037298856,5.942749595618421
-5.081045711496505,-7.088343114567845,-4.322826310267079
-8.055587156098882,0.2071282344599279,7.948673557421676
1.1253107388266819,4.656656380550889,10.45225073823256
-1.2114500316038574,6.152752031293189,11.412638143391188
-7.2393709503984525,-4.882386988622351,1.6865150081564666
-9.45420523521664,-6.327949843801955,-4.948074848926165
1.9371937337560015,4.961959121294993,10.12857554877004
-0.1552711362685293,2.970647647259608,12.32967879372574
-10.35984390398114,-3.9446236858889394,3.194555673743529
-6.237665469896328,2.120235453107766,5.843863436849151
-10.08752013415885,-6.080158688284932,-5.158780134818091
-11.215925207239566,-6.018571176868983,-2.16001445698165
-9.154198048727508,5.559567928067138,13.071472160107085
0.8630247684747916,4.097828216122549,13.560510334876193
-3.2499193065486742,3.184769796807369,7.051646382015614
0.3783435289004693,8.689130722825196,14.271907799921028
-10.871109016036115,-2.1302028019463366,7.358898489603077
-0.8115327692032588,1.9281975733012011,2.8190234742997786
-15.405878654926696,-6.26901998215477,-0.32991751418694815
-9.651937723734937,3.1272040159425947,6.576288405101251
2.8296560281321224,9.418677533975934,14.417762192744444
-11.228362961468099,-5.314349921532203,2.3847781207051852
-0.37098148588262614,2.5854946742430234,10.590221067272536
-12.998059663493152,-2.312353858426828,-0.8427635456658416
1.821455804032789,5.514968017970332,9.34939059546766
-13.46508745695097,-0.6163025896032801,2.4567077357489056
-3.7645055024404104,3.1843808133200087,12.194633387317268
-5.989002349642578,1.021168215406429,9.038652843106231
1.723694128902169,4.557369585924307,12.023378441801825
-3.523315217239254,7.558333815444978,9.7119821353801
-9.774960457342939,-7.113029467881238,1.7067004857476435
-2.3015232506331045,7.844271931246126,11.492448637570158
-8.873984167785398,0.40065679991840675,1.2751728067716932
1.547398008908234,3.777231062575499,9.241081355013572
0.08143043186116827,1.4866871130954413,8.296695023157579
2.6947278758242863,2.552379325798425,5.169503752324265
-5.591523602824701,2.904385143280639,11.730353462789402
-5.5769907071260425,-4.860504754158665,2.691285043485683
-7.376689835652086,-1.153588657605213,-1.0981168910047296
3.02769868253037,1.794085211018979,2.5241795891249046
1.8247600390746612,4.323901710039228,7.241458504512333
-5.991901322237288,2.893092280003808,7.229318939401522
-2.785414756218862,2.490298646480494,3.1964001401719764
-3.6003099707132433,7.110950543789294,9.62682797416284
2.2441146072389646,3.469313523268852,9.012104618825347
-3.987244377864119,1.3896982029752398,5.536036021438683
4.897166313650965,0.2170008623787485,6.9090680328414775
-6.541692793609148,-3.4255648699836745,-2.955533974963294
-10.133331912784056,-2.9248096155773564,5.093059815244823
1.352719407855953,7.0255073807897555,9.942023523363233
-7.9535067732522835,-1.7513131176064825,0.5663353911535136
-9.511430189112325,-1.0376913938586272,4.662688778119367
-6.9467254466353925,-3.6140168017411183,-2.112167096881141
-12.736548761484585,-4.269518758579954,0.46118344993803717
-3.76359318472005,2.794820797217146,12.47903096996109
-12.792757190132011,-7.15645557604627,-5.361510068976326
-12.885700196793085,-7.709220844585185,2.1874805673727122
-8.214897855644686,-3.3057695302813856,4.80796160228
-12.07163811880078,-3.1937799030111247,-1.6679146925284094
-6.753254742122491,-0.9509907700398159,-0.739289661651398
4.791501516830165,7.232088394569538,17.08803990554373
-9.43904126709846,-3.9648383765626374,1.5641383916861846
-1.7770946745770095,3.720227355182524,5.911851222430241
-9.003132312150978,-7.07865939342707,-1.2560841636573246
-9.741863557115662,-3.3133607391702413,3.4730676398689817
-13.20857737844134,-4.294693240304452,2.602023288565709
-4.167708346105673,4.729274683348707,14.593451921279097
-9.7730842099871,-9.31415475870255,-2.3841803831679194
-10.824155752547277,-0.5361886608619555,2.550928563340504
-1.7656636805846522,10.738305029645291,17.58991175597162
1.0430079418447158,2.3553062913201623,4.462422977878751
-6.158311988761175,-5.308616372148469,-5.194768333331979
-11.387123688905117,-4.678339901373992,0.28206123223776913
-0.0660685255798441,4.418492394769288,5.247707876136881
-0.019369108199241314,2.9743448821451786,4.0702325587870485
-4.863189635408185,4.176451780725966,5.199597501869627
-0.7953254049330679,8.900814419574264,16.93432526353913
-11.030579951493996,-4.135800970969745,-0.15217907452560997
-7.108133212231835,-9.842573751209002,-3.310715331263916
0.7581800160672509,3.747833367560665,13.18600523172823
1.2400578447386525,6.545637019752969,12.195498851067338
-5.140070220895348,8.45681032488834,13.21326468861195
-13.899133852431039,-2.449879374370397,0.09957188957854957
-3.993136385830758,7.754013192615667,9.866082113359392
4.504312401605828,4.566718479238205,8.612184023192642
-13.675780327046432,-1.8156368568916745,5.57495966614952
0.7834694814982566,6.747899658118285,14.82608031353028
-11.902974761094692,-6.636460478789882,-0.8812440224089482
-6.292747250108614,-0.23319325106280964,3.712526758141194
6.476289715736947,1.1120439711715053,1.5674126970425935
-3.8081561873000798,-0.1293431158310785,9.511998034946668
-3.4478189097115055,6.991359172866773,13.957747431965483
-12.234644652663803,-3.809196427363813,0.25569350933537827
-7.001700736954941,-2.9582663545788592,-1.5478992424946572
-10.22903337425532,-3.329872745424222,4.691588952929946
-10.473532813334044,-1.867430561645139,1.8285383015452243
-1.239230262034261,0.14904353740970144,8.557139636219823
-10.250680101741066,-6.8855506774316,2.543000426993955
3.5748753867009206,2.1228691661578534,9.647512390323808
-11.380659622879032,-0.44833404831197265,7.182641186880645
-7.899405503849239,-6.159099927448125,-5.89324196666557
-11.948745494464147,-3.7297938197728713,0.6118515873837986
-6.927336826647075,6.550858661300608,7.363799238634733
-3.5573303331172283,3.776949023262406,6.7215441625651735
-12.62343066508785,-2.9908922319355904,-1.530267179508216
-0.5445490323129234,9.965518324051299,14.521320309216247
-8.382918045657808,-2.829747576129801,-0.5415775278602633
-9.914747342580227,-1.1597644153668085,-0.9465801549657427
-9.166296008925775,-0.2696224528373552,2.84457082779008
-9.604435904628186,-2.906097494719243,1.1917188782092771
-0.16775261001058794,5.118487966861951,15.024029388699912
0.4181631366695475,2.970472799596177,11.969400195247234
-8.172646373578445,-5.008424175733938,-1.8409935506625725
-9.023106846938248,-5.681205135823921,3.9260530803268114
-11.268757814977008,1.8118659563873152,2.7411548163036215
-7.379975534457926,-3.0230407589681034,-2.719265170737927
-8.226230905052185,-0.7212188444840599,0.5974130524777328
3.4055914430364975,5.118462960732742,13.501814055400935
-0.4659186313029662,1.4184572015779624,2.6449997343462943
-5.008969959602753,4.649271171762997,13.272484785352988
-1.1499521399058046,0.9144659553595549,1.738573545935468
0.1495478244315771,5.349785670100574,10.765192473145568
-6.9659913697604825,-3.3316587093287042,2.863642190447008
1.8416655920513727,4.2874837685717155,7.039150313337663
-10.268745606487117,-5.419661119358322,1.1939578016809111
-14.617949717677536,-2.6915683723078656,5.854188801196485
-1.3473997368212514,5.990500135058671,7.068713602550422
1.292476804872202,2.727445603087491,11.205860837991407
-9.495412739309332,-0.8760999039432811,6.447888576768474
-10.110840086254383,-3.8175608412010718,4.396292298871984
-1.5086086475071134,6.3574595116002,7.9711621186883574
-10.462861967558093,2.3845178105558045,11.624453451110332
1.817472010640349,0.9390890543805557,5.027295672053182
-8.457617696813559,-1.3598434367955208,-1.3539316482702384
-7.901768570899867,-10.903200478617872,-5.612007451618581
-13.764514117772706,-0.8133643924898055,0.12482175913572302
-0.31441795360345726,7.782460364835923,14.153272877863301
-5.052059233666279,0.422971084935611,6.082588172107339
-7.696373214318637,-9.033394671579519,-8.244206052101799
-1.2346382929511042,-3.1424217140540858,3.80778205305136
0.02872338390855944,5.1287011455563585,8.858314987143945
-15.389060780715743,-0.0949698020066414,4.999664681645209
2.2210889560414055,3.089496877844329,3.5023492912736574
2.9580611230166687,0.960377179932324,3.4943933322296057
-1.71750792601126,5.214682227257746,5.401517623269198
-5.456190258064665,-8.019162940256109,-1.2470972922818122
-11.975691856643218,-5.6200198937354315,-4.329508048244621
-10.064790619721647,-8.154758478736404,0.06987039436822151
-8.092892046133871,3.2978025928308616,9.722135879969711
-2.3268019915382454,8.816970900320381,13.12174301766484
-7.044230452137889,-1.5355821050539094,-1.197576563418697
-2.259378085612358,4.428656819961713,4.456399897831681
0.19605748641036014,3.0769740767412483,11.175199608632605
-2.639793560093791,12.888389251022112,15.804282838034803
-7.022773031202046,3.8490572985021756,10.72219382345486
-0.8175646745806024,4.187151757601328,9.896640671780297
-5.167100434682918,-2.0858637549995636,6.920122213392194
0.10029564985401374,7.932025931515227,17.77156740678873
-10.742630003213872,0.254156031493717,1.2638326533370987
-2.6032514917003815,0.37145980803803624,5.920847723146405
-9.975931051695554,1.170609995393204,6.781105555804396
-7.740902926580855,-1.9853030031076004,-1.1400122985988872
-16.121175041664713,-2.607247477043719,3.474216091529182
-7.847659572874371,-4.528679077536399,-3.3963161182423
-12.51306337555061,-7.870847407658759,-6.193202422129371
2.950049078114777,4.405364842568093,10.132116979727332
-10.627125634614647,-2.404997893963266,0.8577903086373881
-5.318793096885617,11.754595816027354,12.057917613829499
-5.51804410169094,-6.739281373501262,-0.8006839584634644
-10.334609753815121,-1.5409799943017841,7.384901490688604
-10.03881490638814,10.2190763096914,10.649727945960214
0.6066161816240463,6.5094362334128935,7.849177357731662
-2.7487202583325954,0.11028879039643869,8.353877443465453
-5.08711450001494,3.3584617016045293,11.866060092026398
2.460437459429814,2.8242314979421588,11.951694217000824
-7.135735812998057,-6.242776350611234,-3.238624179245646
-4.664511714278684,1.3361263032855124,6.111227110146336
-9.502457252312443,-3.2540106382631424,-0.7565175364852035
-8.493887956530584,-6.312556859449292,-3.242891943269841
-5.179731938956667,-4.667208796456789,1.530203634070154
-16.26275362870623,-0.4782031623678762,6.055465779953498
-8.340897801498564,-0.691510945323726,3.06236959838831
-5.089367137173244,-2.672172935840667,6.327885175165653
0.5024978983379875,-0.22985304341621937,6.233022983214229
-15.539275036298703,-4.50819664077685,0.8191571788049696
-6.591694819295996,-7.7716754597586695,1.7242268041594295
-7.98893441591799,-2.893948783937258,-0.7559539414920691
-4.184267919877986,-5.053582481729984,-1.9218700654355012
-13.409625737475439,-6.362566545823638,0.6800970563323014
-8.086960093180625,1.9159832767750378,4.084777995187814
-11.002874676562804,-2.8113320144488547,2.254976391944944
-1.8093260973178182,-4.295819751371966,0.45577748985863664
-3.350182496109346,-1.4739188761579003,4.1325437285269295
-8.37679595484245,-5.475120155426216,2.899721918874196
-3.9227537289384777,8.165094334543024,10.556015926139246
-0.097830894728407,0.9734656999737332,4.187793464649671
-3.9924749780763595,6.759309370164415,15.778048875834317
-5.016906101627703,10.274726579954088,18.952245822237785
-2.737232193080736,5.922635577101914,12.045305187696888
-12.533298790845826,-0.022870853188821982,5.944955824976614
-0.7024426177772238,3.6583787424109313,6.209164096274888
-6.9704417156366505,-3.61743048487362,-1.1499875363610674
-11.78174127681184,-7.707520817970231,-6.991258775991004
-12.888682258356216,-2.83356562641187,-1.856555921926931
-8.17169308317973,2.5600149505658965,12.328286414105182
-11.372618617667365,-8.611466171678458,-7.588949936807995
-10.301854847255248,-4.949980585594463,-0.4624994211451021
-11.867552484787652,-5.5144316287732895,1.6152848847603316
-12.872350950969945,-6.602413738463781,1.8770661417878127
-6.230129073391359,-1.9765498833832078,-0.4400747773917384
3.0165048576186244,11.515680436037872,13.010518400106392
-15.734427361562343,-8.157837111693542,1.3212395981974243
-5.247144436921965,11.92443072479918,16.089695186372744
-12.085795517541566,1.8580461945097273,2.6724358808767157
-5.705649246340246,8.314096478301702,9.347457763822636
-3.3320440713066493,7.223996101432625,16.321858983475025
-4.126961472661275,6.571623745181239,10.122243371370912
-0.705517016691013,1.735675212518415,9.784345501979548
-10.614745674927516,-3.906100810403539,1.7069489529860316
-7.897413950462005,-7.10517662489743,-5.863278412671008
-9.13871919624548,-5.626850410580767,-4.370313114850177
-9.159508449988103,-3.608997113161305,-1.2115736905219716
-8.872006150345374,-4.019188838857022,-1.9829755702325325
2.7231172354407143,6.183908273115221,6.298607537884382
-3.5940578269151082,-4.0342417152122945,2.7789498524374725
-14.213485483683101,-1.7271788082151236,1.9239460003224247
-0.9380432495064331,1.4082103647686233,4.588936326282342
-0.48023217138656893,-1.0652696890324203,5.372629052606132
-6.526825012478408,-4.4718666630496235,-0.7609660584216411
-6.391534450633337,-7.768969282607078,-6.848416716779873
-6.907776171136186,8.384257919308606,15.387753286321988
-2.9996575163798793,5.019622053606651,14.745474325840373
-6.745856569053969,-3.9926347813987255,5.023335462139281
-0.6957621624970247,2.230845091607063,9.598095453120427
-4.368055133459865,6.151017718567529,7.382059173588702
-7.928934052899534,-4.696741065685804,0.8571319289573927
-1.3354674540114835,4.494742725755459,14.029216918894114
-12.540070117202237,-1.5986346052010858,-0.7407680466772704
-8.530054922383624,-7.3038453190719554,-3.28966305775929
-2.1576195150325126,7.913268991826776,13.092626824840202
-5.864712654958618,-2.0444967573094353,2.0939397142039162
3.2108264039307395,7.875820688024102,10.312893798792368
-5.982187978824039,8.10324908132847,17.009513656176892
-2.443165664318055,6.996280065655406,15.136946144897042
-1.5071366416204326,2.4955029291351014,4.9524442697370885
-9.128134299174631,-4.883939248363567,1.1863245665896347
-8.900068909469883,-0.9262092585748007,4.582317933357612
-9.01727331772052,-4.968925722787955,-2.22706816148113
-3.2562619686430523,7.760890058996249,8.470682374197676
-10.961156443812985,-3.8541568301748237,-0.07415756542630536
1.9658090797073693,7.75359527719662,8.197881381431015
-8.404948865293365,0.3286396134473071,1.977319406617423
-1.5960444201840729,5.69246608774482,13.758553972279497
-6.61257687694372,-7.623400262141403,1.7088490900548452
-5.28844597391652,-5.056845151460865,-0.8075448282276767
-9.79853440411603,-2.3315418510900896,0.5785182450788486
-0.6062092164156234,4.200178479607246,10.301469799195814
-4.525835693069587,6.164221162151009,9.84024846632034
-13.636637417183008,-1.6269080257471442,3.8948061036334325
-9.715193030113353,-7.101429512243353,-0.029347443087990754
-0.33546657524277324,4.106024168992662,5.917543695284271
-9.818545977344272,-4.110020511834142,-1.0699879574299391
-4.50799378951163,-8.228817064150345,-5.403310416434917
-14.833276426376472,-1.7856492059101226,-0.20136699596289165
-7.279042838854425,7.168335223008031,13.452814147679039
-13.30736154247236,-7.22200184275233,-0.11960585875586283
-12.57582645440673,-0.8633410816630724,-0.7536140716073234
-2.217236438815256,6.054755349783696,9.788098548400075
1.3650269267822672,-4.6416060867847335,-4.166779647502994
0.7460231896655145,4.546191764115598,7.345925828884323
-0.5957537496100358,3.7693700123713008,9.0479074576185
-8.639571636944012,0.7073471173231161,1.181284271689923
4.493960422623814,6.163475869360309,9.684108054613127
0.7381627074580406,8.401087439579946,10.555350514126694
-9.124698876541927,-0.728649301727895,8.806542061703311
-7.9741278456348965,-5.72528468366872,-3.4664153801095123
-7.0627298758446235,-4.619255246495019,3.5675005034570066
-6.414193265578216,-1.8634239731658675,-0.7530427734292688
-4.490103867033316,-3.3914824649442346,-0.09609775848671642
-4.213926875541,7.409134139884064,14.715387820217558
-9.06584104300669,-4.329690128962919,0.8162977088533871
-3.9629711440222,3.312875719723249,7.265536576740617
-6.7444568133544625,-4.283639422319189,5.52891251258677
-12.196134815311407,-5.490796423906096,2.968650676516024
1.4607075535137661,1.6511697539430834,4.626778575992732
-0.8380786339488131,3.8962391807856163,8.50267421977782
-2.6911209326617462,4.537280439345903,10.59898021546671
-10.786956262465544,-7.254387735800283,-3.337346494723951
-16.514080635048145,-3.382186835539296,4.70818568446342
-10.094726240373335,-2.6610156490777843,0.6302700920790532
0.2842145309902351,0.351541712890139,6.727402474796972
-11.342681823820849,-1.875281812459662,2.298107685108629
-3.0009456003065145,8.080012983259659,11.725266663653471
-4.512287659100828,2.293438874272785,8.598336406921414
-1.091963650473224,8.078297895593852,14.6231115634728
-1.7700128754996018,4.743595335219818,5.4191188470285
-12.629453087587937,-4.085830946883723,-1.6931288541462077
-7.549745042216603,-4.414290522187483,4.618776028637922
-11.959186073592893,-2.8749653504093415,-2.860518485709825
-0.18787677451960283,0.22064079364718037,3.0392886663761756
-2.3688707613874795,6.589930368842108,13.609507317486534
4.031922156209123,0.26231640947755164,0.62713295136906
-2.1738834683811197,4.967301006159148,9.458520823580994
-3.953765881654445,-2.192694311293586,0.37549262126368976
4.537790054707983,-0.006980908654712792,6.987590307685496
-10.478426851022169,-1.7865081764590567,3.9175232770916253
-5.534849598614169,-1.434154121024715,1.4961941475163392
-7.672094147873921,-5.207720313113597,-1.2918601045317137
-12.231130918821862,0.7972933276566199,7.143836277873538
-9.835601634619676,-6.393763962051858,0.5450463145586468
-7.6990339315908365,-7.17972799697317,-0.32719048343733625
-10.479018127881183,-8.037710667808271,1.0109565880894866
-1.2744289354806866,9.68773541956913,12.173625092462734
-4.300127099573259,4.349488304201212,6.573193725421482
-7.251584079730675,-1.2319169446993516,2.5903203013577416
-8.68916795595051,-0.3280207348186215,1.030785584514844
-9.752161877861097,-2.4690618015811894,-1.1966256672498554
-9.999551518877986,-2.7330693701127133,6.202836000603406
1.203927093694543,4.6937301821735655,6.571171970041635
-4.046439744315895,2.276332221864004,8.302355567766524
-12.574181955879713,-6.003160702604404,-3.5723310264347607
-12.270065603862578,-5.041286303665478,-2.064588987452616
1.647150291807507,0.7177671082038746,6.259932685470609
-11.382251415227007,-5.274434341203062,3.108891751780776
-2.562488367814535,6.828857619858972,16.483058765735123
-2.814056652446891,8.78081458467172,13.309391728691905
-6.101997638331168,-9.642182338636381,-0.4711777751048736
-10.079416935334587,-7.0887654717416355,-0.36817346380796856
-0.21702156615301327,4.734444960559467,11.570087400919714
2.828094391704907,6.432851296455797,14.057431902300358
-0.3787869194714668,3.3307234758472477,7.602173293925075
-2.258242059937169,2.4426803632682272,6.0798626978019366
-7.024753990551856,-0.15274885416865924,6.350745457755458
-9.21564706092246,-2.4523899889031933,-1.2320556016652953
-7.233505499288776,8.114981960201622,8.6297437043511
-4.291404462703085,1.8031282002243847,9.024930751273494
-9.414772941930066,-4.095061282865367,-0.5987116993838542
-4.240206227272506,-2.5196648792482,6.068114910760938
-9.501566803762131,-0.21997136127641603,9.710269925710483
-7.61592127622466,-2.1312500895101265,-0.999937744311377
-9.980377328537221,-3.616257010398954,5.297359823456301
-1.3255481067996095,4.347922193882342,5.017474768999508
-12.091142204033293,-5.6883256984225605,1.3423530889141269
-5.432115203650611,-3.346006476621268,1.7929329450757772
-16.044206530632678,-2.86106580752199,6.252132736758172
-11.337592455008405,-4.562074061114259,1.5663702794752705
-13.342615016239607,-7.859225625411094,-3.0862312079098118
-1.7756464337466729,-0.4408271952667224,5.32675215325852
-6.480364941090871,-6.41815000108159,-4.418666912288604
-2.7473961686802957,-0.04897948513320127,3.1101608867390906
-15.039735921967036,-9.388609691520621,-8.513243462077615
-1.3712174789299576,4.862646891643449,6.357581127561492
0.6124244669426693,4.187813133207533,12.1457657555381
-10.846871107417467,-7.831560755236726,-3.5042194361407777
-8.860064205570309,-7.777334008923281,-2.88354539122464
-7.1945263817075515,-7.202281364498618,-2.0796049790700817
-7.851102148482946,0.9393702148779193,3.05606546677332
0.27589805343721485,8.252915359111121,14.019286070904737
-11.753118342959175,-1.4562931010503108,5.593572156401211
-9.57874579894963,-6.5523843026776944,-2.3408450246389254
-9.544936252727029,-2.244094674349197,-0.1750139776875388
-2.48709809363195,8.093356625795254,17.519652552463974
0.9144744503247235,0.33009934553737263,0.6656842171130464
-1.6073316810485057,1.0404336826024965,8.465167132571931
-3.4630303078966698,6.074710399075317,14.598009833422342
2.669070879540408,2.7874451822356843,11.742136350949023
-11.321617434701,-4.172792223254211,3.4205389418604355
-10.242819308881097,-9.943585164117344,-6.308083326913338
-12.48076437547211,-1.0616347550373284,-0.8418712872299705
-9.919316565061253,-2.365714634570786,7.553552312514732
-0.2411808948942995,7.569110975750463,8.414255866388364
-2.2563722568002076,5.312370005061596,11.096834503243208
-9.075244895702335,-4.2232238449269905,2.67994846499
-4.406935453154557,3.1847337397832645,10.851461633194733
-10.751807940534139,-5.132295546071657,1.6923296106426333
-0.07116393289039191,4.81959349883532,12.37722347394254
-0.24495710168666496,8.367743607038623,11.101470547110644
-1.668276256775144,4.224598962005434,8.607484377283239
0.19439669581248475,3.8539608918819255,5.039910662344006
-10.236933234272477,-8.515587197261915,-4.0955084621723366
-13.640832594082429,-4.983848624164225,-0.44934834926543576
-13.334655374272327,-1.7599124386875147,2.6332878931724153
-15.326232830078942,-1.2201012443611563,6.671915592837557
-3.0856785313624657,5.839320414295833,13.904701630804439
-1.1086591831741577,4.147209247317737,5.517418919740031
-2.7839739678564777,2.156581017016163,2.2079184785467545
-6.233051889376111,-3.230021196221739,3.48093094833546
-8.972536839682698,-8.697452562935913,-5.4844349436960815
-16.05277765873752,0.3640576602385943,4.289310971630593
2.3348114318142557,3.544566278415105,11.917105765303745
-9.602772051932432,-0.6422040932726003,8.559540308772313
0.22197120022605699,4.8949146197635365,13.476588452917065
-3.5097991811320193,4.366577204920671,5.752011253079035
-11.022642257549231,-5.669426209002488,-0.7882101694165424
-12.051931620673933,-3.8263982096400695,-3.548078627050778
-12.428132595584229,-2.109360788987137,3.763682896186561
2.7267639051864023,-1.7739322596498006,5.224822763442377
-2.7981124525501584,1.3620787962671486,10.834457600879123
-11.75427774398624,0.5110761529560239,4.453472199584439
-2.286242606072854,6.166359442389755,8.44585324950998
-12.305863376940582,-4.716280694527582,4.520643196073025
-7.642525069206775,-7.078606962019894,-2.9648367199578933
-11.717794691424485,-4.305091578751881,1.6263350330108821
2.214006802604108,4.057157424028169,4.733401423503549
-7.023298579547667,5.492031816361866,9.469881231348992
-8.992967072351924,1.1539415933606207,2.747347578132899
0.04715236555962843,10.192890784905513,19.8248188394382
-6.22031191485382,-6.209280849996029,-3.3245429925408283
7.4330114311675715,6.8802437439435336,13.628612531753214
-0.5605638623283449,1.272721723119787,9.54486246588639
-7.722934207205501,-2.7421763161303576,-1.6283778591778215
-11.751545015497404,-5.926136966791697,-1.4108957521171268
-14.601812684289456,-6.507135144394789,-4.780342012565956
-1.6871645386787186,6.4063219250614925,12.612815936798174
-5.243726384890797,-0.5468966409751355,0.5431020499348547
-8.310087153078392,1.0829326511188908,2.9962977356806975
-8.387042014325607,-3.03552619486554,-2.948291363491299
-6.853020825568835,0.2234834734132276,4.126312639538618
-1.3745715757410357,4.6487428347122215,6.008448251946886
-9.75649111248368,-2.250802351806847,4.953861974947916
3.0404986973399133,3.693245574407071,10.682271045849806
-8.25717956951531,-6.543928336917345,2.8036148389741804
1.2351045046603577,11.679409726636706,15.372185793825771
-14.719932779054302,-3.6515682943240275,3.332958580774484
-7.609659057231598,-0.6421044769785329,3.3369333146620854
-2.2312047989328754,5.106507247623527,8.658886713249103
-3.3451889447550966,5.369403118649458,6.198901950430049
-8.735446904093873,0.8970341352070914,4.349997229916022
1.3643395268532155,5.583494602216084,6.523835368585045
-11.829102233980354,-7.12186495658063,-4.529863264796379
-10.646177951851696,-1.4523121087756286,4.1696341234556735
-8.546718303558297,-7.921635806660557,-0.5244710598782243
-19.190136571968402,-3.607237607504407,4.076340042331159
1.239102681786505,6.584240426405625,7.114986524910279
-14.58897470896895,-6.3374565026399265,-3.685059352733001
-13.186498790770154,-4.717247743760011,1.0327600801334036
-11.251324356998818,-6.6439873066115585,-4.126872148481682
-13.290241911593029,-1.2295822866247272,1.1926174150813695
-0.13780515233040136,4.056787596672924,7.475587187509447
-4.269584575521076,5.5140612774837825,7.875849199823475
1.2105085629476675,4.1617798098880625,7.493531446315554
-9.343477010294594,-4.906795246307549,-2.689766093475665
-7.71695726258289,-6.344540244203687,-5.915133594723758
-9.364011520172983,2.18961596406747,2.8698449890867987
-12.853964718599562,-7.362647851316291,-4.302709536196842
-2.2676416290709067,4.8434453207026245,9.973172908060771
-0.6344941093298588,4.030971875082075,5.554710627302204
-10.487263232737353,-3.1276019370158306,3.405797352316945
-7.214252944834355,1.939489824403922,6.667204892263696
-9.8551086371578,-3.253509366195079,1.7237204739483714
-0.08530842905804814,2.9751172494351654,12.965797977408597
-13.01200632747402,-1.688898344519921,3.330893838068561
-12.492047744704665,-7.910622237388613,-3.3292793460051895
-3.2266293013556053,3.298722163356257,9.592488575538031
-8.848631894381484,-1.1293717937145882,2.214384141219667
0.9533495016482076,2.881118466016959,6.894205351388901
-15.53570216008701,-1.2641277203157015,6.9719740249736235
-14.15925406353547,-4.203528366073328,-2.595925706809574
-5.887187735365093,7.798665932430554,15.866346397033213
-11.638628242769851,-4.740110168176918,-4.614595412829667
-0.35456493315999627,7.137760677852413,15.092944110852134
-7.319947316161748,-6.149444201178766,-3.426365500459741
-5.236464937836409,-1.9542053789857725,-0.327742732967927
4.111886371964255,2.588545907227368,5.9058142351048755
-12.92387813976653,-2.375063248361519,-1.430221177704715
-2.2565544573596927,10.005903994299537,10.510537658143809
-9.685142576035245,-1.8147166489951414,1.8309710994210584
-7.683706626912478,-1.0024326207160477,7.171343715429453
-4.031959767274023,8.077656504723489,15.368285301910518
-2.7321025480055585,5.974455391137528,6.45864878044702
-1.0322698762219564,9.071537851842429,15.105388446603516
-6.571908684973545,16.282297980957054,24.832767590244785
-9.636962064135073,-1.4932888307829155,2.5423962548007926
-5.433410368609605,-1.3396037046953646,5.234940574784136
-4.355609485904457,5.365460694676942,11.466790248252217
-10.698035650146721,-3.688989433977246,5.098994705216281
-9.204333779165854,6.850364913796026,16.324730529963055
1.3708216260556538,7.166543668586451,15.577546176178906
-11.22600628939802,-7.906094661987423,1.9111935462048528
0.34407877814448584,4.315599530526725,7.5246381923825405
-6.50478656228218,-5.3711879261187585,0.8507426034386691
-6.8385853755850805,-2.077693986461278,4.731373253339162
-2.2188837198001723,3.3407653283522767,6.496609152355186
-10.286275583370136,-3.7771212555299623,1.2860765847380216
-5.470942235104959,5.255476470276166,13.154613143024903
-3.645235410767537,5.1835855742191725,12.560069561905939
-6.252340654691505,-4.335793380128995,3.6998127813811594
-11.56049663921195,-6.53082974186734,0.006770100295359072
-1.797159964157822,3.750289491940034,4.742499256756623
4.681911371409812,5.380150416630382,6.260374872129753
8.303676362562573,2.605813877711217,7.631084254909766
-10.431570463271408,-2.287838626805911,0.787739388945286
-1.98953437643934,4.432136705151236,5.7906859408120095
-3.7453439605804,-2.81111818743354,2.032930042372976
-7.866949656229804,-2.1985503481123656,-0.3060477998396425
2.5067782831622853,2.4224571393841057,3.7634558811236545
-10.905006886218905,-0.3313974558625805,9.546982281853282
-2.111072882899874,7.1529876730308795,11.645134526061362
-6.975011547458724,-4.074504171014052,-3.6863156207273766
-6.233166243117212,-4.016660005552629,-0.08840851514895576
3.1912888906233814,5.914712514842874,5.961495054662953
-11.650339452463877,-4.905747059137352,5.039698114259257
-2.626811517989042,3.2543268048379144,5.43415636105695
-10.996694690493035,-7.659098535154257,-6.241260520082049
3.235514634943872,6.98916359189845,9.413691751355522
-10.726783698733763,-5.517297839685275,0.2579338626179304
-9.732865571657236,-5.428144427992867,2.138859020839263
-4.7961626480792034,5.47234338986185,14.880180284256012
1.1342071303558376,7.255916314477149,8.948466146635848
-8.291448115596467,-2.3062804241601005,3.6200593469047866
-0.39055027719869195,4.003744174952206,12.757277527114713
-4.953809342211613,6.682401057907507,16.399500852573233
-5.655414905500264,-0.8755758123531887,3.7362144883679633
-5.809697963407011,6.558775734954334,14.2801152988099
0.3254833234494279,7.365546409479355,12.190918193794683
-8.938365532442758,-5.456279168211299,-2.905468267296066
-7.20095312188706,-1.8545818627214472,7.196990019945135
-11.095222465599157,-1.6598421897729034,6.491472614169115
-3.0393883984705807,6.339550866934129,10.451387943859388
-11.340132321842011,-3.3875998102300855,-1.3038402272835006
0.36362840851408684,2.2393141526007088,8.209130411415124
3.9573498808774596,6.70994425581575,6.820121385436591
-12.152975374359407,-3.7299172625940704,1.735280802260088
-1.277615999232254,4.193640844140586,4.921112710084458
-8.299792887355322,-6.017826469041078,1.4682866621879045
1.8715968613814056,2.483166423249494,9.178898616144437
-5.775480719679438,-4.211389086642617,-3.4580963087815517
-14.372720321744994,-1.099203109923367,-0.3108197550567484
-12.250805345188143,-5.030250429534346,0.2378543711879324
4.099816953335744,0.23140824068106092,8.400157871570176
-8.536981443231753,-6.246367426171997,2.740512771832675
-7.758240261947915,3.061524901968299,4.417269529715107
-10.76749707888439,-0.4593350604663984,0.19824407990311466
-9.686289460387087,-3.5042859610450496,-3.2068654464632464
-10.373475220357152,-5.192331561641091,2.4858811140080252
-1.2192641157878512,6.121904505438131,6.831336154759558
-1.4234837564264613,0.8263837977543789,8.427146080724611
-12.615219824817387,-7.23471988382667,2.316897652769552
0.31758948235211104,-0.47582515300561035,4.091795700037301
-4.14959286265154,1.3479303206260127,10.860074831521686
-2.1641564251826675,3.883948835919189,13.093423640087238
-0.7587988769879543,3.1177028471421857,9.160910833010997
-10.618181814567816,-7.281506015513294,-2.613420106980266
1.8062253603059322,5.444663107697183,5.579188766836369
-0.6478970910231439,7.4306861680704515,15.528006781903523
3.203176950916723,1.987935416696489,7.498080470328276
-1.9755940434711459,6.297076880897895,13.155740919674027
-9.730359913474352,-3.6372763715877507,1.267519883324062
-6.077220746350758,-3.003203572747182,-2.2306784403142794
1.4605554576549205,6.126286214418281,12.689474438575973
-5.630796139634182,5.0554887417045835,12.840511587327125
-10.425483379142038,-3.1555581142584495,-1.1894483358120485
-13.562986318749575,-1.3483274038826147,1.812543435790042
-1.6162146608951602,-0.032250235005174765,0.007379849571443664
-7.067302736966692,-1.3948482726248064,0.18610772307196033
-11.905252599404228,-3.198928213949599,0.09065413679254863
-8.314958328413061,-6.718325710904587,-3.0096672920578857
-10.22586540211819,-4.933946783509841,-4.2176675246805235
-4.752626605188953,-2.524497100242253,0.5170237743983712
-4.75195398922487,3.59067346978951,11.203119212927765
1.6374290922930181,1.7015863974151677,2.733499058213947
-8.18877545096199,-8.000874168254537,-7.82716949193901
-10.89517231623565,-3.096874238877735,-2.3438668647151983
-2.130540923428473,0.40088169979758703,1.929204241362099
-2.0260219512835693,2.363935146791209,6.190081366640265
1.0217924101946037,7.254294127543305,15.26571245550436
-11.946493148130402,-5.720589001213149,-4.112626935614845
-12.895578128350575,-2.997270919021809,-0.45127492144129233
-4.254049730345281,6.232737115868268,12.756088803622003
-5.602163003528986,3.681084272874543,7.2595789277380565
-8.141443918847523,5.626456816888776,11.032676847054043
-2.8436289489351925,0.8910497311797947,4.202302235874755
-6.227500091009104,-1.7360670386353343,5.981472190362307
-0.2596301042619973,7.507550472661665,17.409031034601938
-10.704469459493305,-6.627121464098785,0.13129658623273066
2.54229375146555,-0.09404078164121454,7.81536260592749
-11.38326101847624,-9.288302922758216,-7.801425622969429
0.8789220368065807,1.8279420463472027,7.407091717153304
-7.345360748377917,4.675677221177115,9.902006423615399
-0.542189351414192,3.9610204596649803,5.953094431400875
-9.108603488313323,-3.9533260106994623,-3.2488643081154085
-9.707494439862892,-0.7448455442618354,-0.3658791470461822
-2.9163735989828887,2.968935123460944,8.180467097866629
3.2573249035133607,0.43001607175820356,1.6404927446387385
-7.086621390245433,-5.117099608941307,-4.195304409201351
1.5473549606552686,4.527604161911679,5.347889836424501
-7.309948060140241,-7.2736851570075665,-3.86641528096863
-1.1778649307209847,4.046039941956915,4.382019003413658
-11.342047921933649,-5.785733555908443,-3.794986873237902
-4.261506264041813,-4.344374344209223,0.876915380314748
-0.9315515827031358,5.011980405465174,5.794128142325338
-0.22765271677286703,3.686281168584789,11.888625237866815
-8.320914296509955,-4.090448317029337,2.2399258792121
-1.1340567182943135,4.246038790637693,13.594771789001198
-8.080754642573472,-0.8928906138171486,3.677812558381035
-10.407626802773436,-8.04495262122451,1.0938609144372684
-1.060281240370637,7.2046541099074375,10.795302230272256
-4.348623894684518,-1.5985353804774283,3.813660959157401
-4.243508988276646,6.430624445907078,12.378437379973848
-12.620215666267425,-5.546144440269844,-1.8026548172740586
-4.995014178275083,0.8468347660081355,2.2118134816770194
0.09437992548375895,5.379312599188425,7.4450931452159885
-0.17392593401463818,3.882380389615659,8.981737674064226
-9.772792232543003,0.46265629634037975,3.907933172138077
-7.734623294180784,-5.689610347351875,-3.242912510394672
0.3160507087308668,7.403194815823004,12.71529221852915
-10.315152312082935,-3.83075238777799,0.3542845810482853
-14.5865064417771,-2.835067100198339,1.504463945528399
-10.798503390602335,-1.8258770317440511,1.8561351516807063
-1.4260965222104018,6.261630654838735,15.72502401686847
-0.30619108974472375,2.3217271652874443,3.4077341540288115
-2.5265519349779675,3.231041149419016,5.716460202967625
-4.704963766537393,-3.9306673622512607,2.8618243314938443
-9.518007273814886,-4.621185775706722,-3.1510297060489494
-14.852666298483028,1.631346759469264,4.486101193845025
-11.34575004631028,-0.6975945862533734,5.617481999271908
-11.450545065371882,7.2673981637505625,16.550022219004514
-6.817743329807088,4.577852857089438,10.211125066774065
-3.097031202306759,5.456991345327999,7.512636553633287
-1.9130839881624089,3.5144042205226507,12.910593106051103
-12.001502703365826,-3.9385322204925655,-1.8713917409537917
-14.128361626670717,-5.203025726984908,0.7531495298522115
-6.655854278010681,-6.586903174949754,-1.5523841932527533
-3.076930681739583,-6.799596303390521,0.38375591102201323
-1.6099772040316727,4.9380530296710425,14.20186362373084
-2.9120533741510126,4.801836770395732,7.586714840558914
-12.577193575255619,-5.267073180409669,-5.236036727464154
-10.396609849233526,0.012692806132781342,1.3007746335485937
-14.21339513588191,-2.8437671262021245,6.853517799696641
2.1617078845278104,10.307795116607366,15.452680908948023
-12.03275670463493,-2.4265133288062364,1.0089327463155486
-2.5973689469437344,4.71009912833812,11.10711915216731
-1.6252501924822707,8.699288262371073,9.639203024875863
-15.485371404902791,-3.250038381459575,1.0526274502075559
-14.937616848388926,-1.1422182366854452,0.20528202385868033
-0.38179937644007156,4.553731060268053,10.295887076645077
-10.783057591537046,-6.451489085717566,-0.8648780690556981
-0.21303266064813986,-1.2313711055073435,0.3214526356287577
-8.80349714001084,-6.339665351589164,0.24259054052855955
-13.120601045624465,-10.049850518582225,-3.3978352547581974
-13.408453969861512,2.312096866284061,9.681157983021446
-0.11632522424955294,4.35473727306401,12.770973693479903
-5.184740674304079,-4.752820230081479,2.064337601441564
-7.515875767684217,0.19950243248375088,9.979747739277908
-0.09712330931530389,4.581605520732151,11.462511686814846
-0.6410964892415572,5.285283245884875,11.16070868739063
0.37386280741091493,1.0867706666675057,5.100145027624582
-9.431374892676253,-4.916779776854682,2.3977164101634747
1.710676580117286,5.322290989575194,8.567398085493574
-0.1099025078214062,3.6343048793226718,13.180463592383528
0.7188606918095237,2.535897679803787,4.751804869545284
-0.7871960665424029,3.092326346380291,11.137125899180122
0.9002866515226797,3.987354677519944,7.069369593397395
-10.006989217525772,-7.246966675057164,-4.172126801790752
-5.506726760669282,-3.4465355437943885,4.907809420896026
-14.57837160052424,-0.25800198522157736,4.244083684142077
-0.40077419329984076,4.133253664061622,11.560773991352463
-1.0868134519461214,10.707255278279689,18.075220536524768
-1.6195018769069898,2.3224090829814825,5.46218827852387
5.044605306929137,4.547028483418066,6.589956339431401
-13.497104951046826,-6.901565457519641,0.6728577737828862
-10.695521155896092,-1.5445385460138197,3.4541332726731224
-5.8559983619479485,4.6517933252600105,8.059659664527729
-11.757691892973064,-1.370209820144987,5.133693978630516
-10.075460799627582,-9.815923994539556,-5.125283933988001
2.9281836842557833,6.465937789238099,9.649884505272773
0.2969790014965654,3.7120353777306736,12.162510570093515
-15.249985258023582,-1.891549931812241,3.3009881810729382
1.3575001349851297,5.467191516851049,14.063981149193227
-0.7487906287421894,2.004128750142861,9.708872867035518
-5.466136783469919,9.682767919094664,14.00835570055638
-12.310828043637752,-5.586086279683786,-3.1707012516785547
-10.820853047227434,5.846046982304614,8.482306446450252
-10.411936472691366,-3.2032204811171026,-2.7228193028308265
-9.248699459032515,-5.942816041250731,-1.4256872468267003
2.213420208936947,4.64600870261202,13.795418661556763
-10.10034490393093,-4.797846509015258,-4.4418434788842305
-12.680123408143283,-1.147773921984799,3.1618206751455937
2.2695578110994408,0.9415419640550686,3.978925002671338
1.9942627964555224,-1.4155530242515182,6.821199776856578
1.9339326192152337,9.520272382960382,18.24101804013832
-8.839040854956735,-2.122910437411803,2.718898428264475
-11.358221860394135,-6.416064661673552,-4.037690184458684
-10.042714701146547,-4.278046854126397,-3.3785342375960354
-2.951601787170367,2.6125842413424465,12.306421660422018
-8.491453895929617,4.1976162504777745,10.876313652736386
0.7443629194237769,5.593981522251605,6.959451338236288
-10.207904851641295,-5.971576138275694,-5.844303901711042
-12.952498020436906,-3.2109869405230493,4.019670663021786
-6.905449510465155,-4.997158552645622,-4.451766034473967
-18.028236632695574,-4.666443938370108,-1.391715890245841
-7.889965971719182,7.248993370880189,16.777547390179173
-13.954402985952761,-1.4170692599915635,0.2956945094364771
-7.345269118307005,-2.5636968787334307,1.740385232602017
-6.5831941958098685,-3.0670295533872864,1.3035201686773674
2.7100222534698117,5.356401575955035,10.495229804178598
-0.11433906503042257,-3.9411135341156065,-3.1942881510904995
-1.7684037716096261,1.9093038257770942,2.4105685274108675
-1.7675304511300935,7.5176068141648855,15.666414396804413
-2.947717825587559,2.9827202676049374,11.863548430755879
-12.411337259713427,-5.893095193507362,-2.527339373801154
-4.086101495364906,6.078808227417262,7.865930602287239
-0.34506086407480696,7.773474833814438,13.02840655454617
-6.192789729679127,1.792223672058289,3.1608168646082273
-7.489530122953578,5.463972961951161,12.91887116358818
-16.492495211871706,1.782139988760445,10.153572754661056
1.3275519182829942,2.5211022105787895,3.296849437708559
-7.177055788297626,-8.18722894787988,-0.7617255858549168
-0.5688262479771873,1.8078818267403354,5.479111738322603
0.9470985650690844,6.657724788438186,9.392860000189161
-8.861985773265616,-5.57244150580276,-3.4699924004860554
-4.560597018973149,8.05963863646922,11.360280113076442
-10.899557887055328,-6.83044639830535,-4.51306158778602
1.2994456575152062,5.047091572849487,8.045598570912222
-15.326682522954682,-6.359189796968188,-3.9542097650642765
3.2233923534982,5.420524958566589,15.012591215687202
1.0075581641577882,9.880946228613123,15.650935632111935
-7.92254992554461,-6.3483887921578,-1.8005570862074967
-4.7252177398724475,6.790074587646409,8.8903589271959
-1.7686958372408033,10.108827828014638,13.104774438793239
-7.34931530533352,0.5464269431430546,7.061725991263603
0.39244407859733954,3.3462599202421184,13.273475336264472
-10.392829191375975,2.5636498414030724,7.245827585249748
-1.2328057883695662,5.947006308808804,9.890580412542674
-8.048478431776754,-4.997815994241544,3.1434046178038306
-9.758546618402272,-6.943567861279536,-2.323520203198033
-3.7345421611244465,3.2162292882752297,8.793198708052426
3.579745361735398,2.081279007622857,6.667085218270422
-8.742626753752306,-1.7650193260202447,6.849712420394651
-0.671090005664088,3.528753062763437,4.063045894726189
-5.206514285477421,2.4092263142457817,7.158131657301822
-5.522020420967329,-3.8633139688481775,-2.9836991255738208
-1.116443672874907,7.728016221690348,12.754310475557993
3.3118140081802574,8.659511907841242,17.350725898568182
0.18461892153382564,3.3595372960965038,6.213894645300462
-0.11331850059879645,1.061876711745351,5.622822994805713
-6.3303845795436136,2.5691634839901285,5.55571649976618
-9.348409710605301,-6.423680259943282,-0.4268743826582959
-7.69583162419085,-8.395312405204006,-8.176507029698508
-6.454296318377126,0.9700600097593481,3.719074839433032
0.21052662378557851,3.1016198199774783,5.198518635662831
-0.35160131705929,2.3440276896626386,9.62590015710356
-12.432542535371622,-5.669288481901572,-5.530220680176888
-11.113906546682982,-3.7004563746323322,1.7298811981137474
-0.7287430425972177,-1.876253579825275,-0.4793724873062073
-4.771427414013473,1.6328662341150189,8.722410619081835
-14.659060333644554,-6.001892080718424,-0.08556199917616247
0.7872411731841145,3.5604721616102797,10.421981185709965
-13.259413515654881,-0.5525081725278285,2.373189442074773
-10.565398597784297,-4.682013705022158,3.7246230840855796
-2.6534094157464043,5.5661073042424345,11.767925641054156
-7.2264445964612065,-11.315024338357006,-6.8764582060824715
-12.362541887019981,-7.607268686447004,1.643166180589633
0.4950892417370407,2.16796873687112,8.666056374491621
-0.3089066798349831,6.2888011171024925,12.660247480456029
-6.317656255479026,6.141883129611887,12.421336131608516
-0.27606760601746716,0.8785418545192156,0.9029078860833859
-13.177815286869325,-6.286441403052766,-2.6724346657950306
-14.16636321906465,-1.4504989316079322,4.201571827176206
-1.978940270615139,-3.9664993512383777,2.2523351385339945
